Area_sqft,Bedrooms,Bathrooms,House_Age,Location,Price
1554,4,5,5,Urban,16880738.0
3233,5,4,8,Urban,26386287.0
1851,1,2,9,Urban,16270678.0
2620,5,4,7,Urban,22128055.0
2131,5,6,7,Suburban,16696206.0
2984,1,2,30,Suburban,16016825.0
1704,3,2,30,Urban,14379773.0
811,2,3,6,Urban,10329786.0
1529,2,1,6,Urban,14868533.0
2707,4,3,15,Urban,21816298.0
2672,2,2,17,Urban,18539135.0
3932,3,3,14,Prime,30072207.0
1348,2,2,17,Urban,11642353.0
1981,5,6,10,Suburban,19869067.0
3812,5,5,17,Prime,31304632.0
893,5,5,5,Urban,13480345.0
2951,1,2,30,Prime,22157860.0
3853,5,4,5,Suburban,26069842.0
3710,2,1,28,Urban,23026664.0
2865,4,5,14,Urban,23272325.0
3623,1,1,24,Urban,22391582.0
1190,2,3,20,Urban,11402848.0
3148,2,3,26,Urban,22237533.0
2852,2,2,3,Suburban,19771619.0
2272,1,1,14,Urban,17017410.0
3974,1,1,4,Suburban,23643996.0
3457,4,4,14,Suburban,23224083.0
1233,4,3,1,Urban,14286629.0
3931,2,3,20,Suburban,23703405.0
3488,1,1,1,Suburban,21596789.0
1806,2,1,28,Suburban,10907294.0
2946,2,1,28,Suburban,17494457.0
3237,1,1,28,Urban,20797205.0
1275,1,2,20,Prime,14481545.0
1415,4,5,20,Prime,17206252.0
1146,1,2,16,Prime,12232558.0
2123,1,1,29,Urban,14853339.0
3839,4,3,28,Suburban,24985255.0
1866,5,4,22,Urban,17052284.0
1691,2,1,13,Urban,13259903.0
3730,5,6,8,Prime,33445390.0
2044,4,3,13,Prime,22117762.0
715,5,6,15,Suburban,10462604.0
2796,2,2,19,Suburban,16776362.0
3176,3,3,12,Prime,27996832.0
2041,3,3,9,Suburban,15095477.0
3809,5,4,12,Urban,30010545.0
500,5,6,16,Prime,15650540.0
3534,5,4,9,Suburban,25503069.0
1410,2,2,27,Urban,12335748.0
3299,2,2,4,Suburban,20339051.0
2152,2,1,30,Urban,13508041.0
2771,5,4,24,Suburban,18492939.0
3164,5,6,5,Prime,31185193.0
3641,4,4,1,Urban,26668782.0
2622,3,3,23,Suburban,19170760.0
2730,3,4,6,Urban,22503696.0
2005,4,3,3,Suburban,17719733.0
689,4,5,17,Suburban,8681391.0
1168,5,4,29,Suburban,11690982.0
907,5,4,22,Suburban,10948415.0
3246,2,3,30,Urban,21940784.0
883,3,4,6,Urban,10783578.0
1154,2,3,27,Urban,11419464.0
1291,2,3,26,Urban,13632486.0
3033,4,5,25,Prime,25802738.0
1592,3,3,2,Suburban,13045582.0
2240,4,3,10,Urban,21512819.0
2882,2,2,21,Urban,20190890.0
2432,2,3,27,Suburban,16141602.0
2191,2,2,14,Suburban,14980664.0
1843,2,1,7,Urban,15858669.0
3795,1,2,0,Suburban,22695696.0
1210,2,3,0,Urban,11360595.0
3278,5,6,29,Urban,25840652.0
1094,4,3,14,Urban,14971286.0
2174,3,2,24,Prime,21807909.0
2745,4,3,0,Suburban,19406189.0
1517,4,5,11,Urban,17255125.0
1466,2,2,22,Suburban,10085854.0
1095,2,2,3,Suburban,9445376.0
549,1,2,5,Suburban,4152161.0
1421,1,2,23,Suburban,8438775.0
1174,4,4,8,Urban,14545606.0
2781,1,1,15,Suburban,15564711.0
3724,3,3,28,Urban,25565837.0
590,4,3,2,Urban,10628015.0
2990,3,4,20,Suburban,20001103.0
1913,1,2,5,Suburban,13851994.0
2530,2,1,8,Prime,22265384.0
3867,1,2,26,Suburban,20510631.0
1905,2,2,30,Suburban,11697338.0
914,1,1,15,Prime,10980340.0
3362,2,2,0,Urban,22684683.0
3614,2,1,2,Urban,25114194.0
1421,3,3,16,Urban,14656344.0
2540,4,5,4,Suburban,20093982.0
2715,4,4,29,Suburban,19115459.0
952,1,1,9,Prime,14060108.0
542,1,1,16,Urban,8638796.0
576,1,1,24,Suburban,6418544.0
2759,1,1,14,Prime,22171288.0
2664,1,1,8,Prime,21825166.0
3903,3,2,7,Urban,27158708.0
2597,2,1,23,Urban,19307466.0
2979,4,4,26,Suburban,20909509.0
2133,2,3,6,Urban,17530281.0
768,3,4,7,Suburban,8799549.0
1677,2,2,10,Suburban,12385630.0
2570,5,4,30,Urban,20532894.0
2916,5,4,9,Suburban,23806098.0
1608,1,1,19,Urban,12913897.0
945,5,6,15,Urban,12959780.0
3718,3,4,9,Prime,30405192.0
1304,4,4,5,Prime,17598414.0
563,5,6,17,Urban,11959484.0
1932,4,4,25,Urban,16794816.0
541,5,4,16,Suburban,7699009.0
2800,4,3,30,Urban,21092254.0
836,1,2,7,Suburban,7375414.0
1590,2,2,24,Urban,13202878.0
1687,3,4,22,Prime,19201730.0
3019,1,1,11,Urban,18604029.0
3588,2,3,6,Prime,30421714.0
2869,3,2,28,Suburban,19160152.0
2476,2,3,17,Urban,18412022.0
1301,2,3,7,Urban,12404966.0
2818,5,4,15,Suburban,21416836.0
3086,5,5,0,Suburban,22693498.0
655,3,4,2,Urban,11006023.0
2526,5,6,30,Suburban,18685298.0
1111,3,2,26,Suburban,9719581.0
806,4,3,9,Suburban,9135447.0
1832,2,1,12,Urban,14378785.0
3283,2,3,22,Urban,24236842.0
2697,5,6,4,Urban,22842497.0
3622,1,1,6,Urban,23884337.0
3130,3,3,25,Urban,22939907.0
1685,2,3,27,Suburban,11805878.0
2511,5,6,14,Prime,26786792.0
1528,4,3,0,Prime,20364394.0
1478,5,5,29,Urban,14217916.0
2793,4,4,1,Urban,22738625.0
1128,5,4,0,Suburban,13135723.0
1954,4,3,0,Urban,17488347.0
1975,1,2,25,Prime,18546937.0
2270,4,3,8,Urban,19788397.0
1395,3,4,22,Suburban,10343088.0
1309,5,5,9,Suburban,14912734.0
3159,5,6,19,Suburban,22240016.0
2248,3,2,23,Urban,17527791.0
3625,3,4,11,Urban,25888878.0
2181,4,3,2,Suburban,16965994.0
3314,5,6,28,Urban,27750823.0
3298,1,1,27,Urban,21463555.0
923,3,3,12,Urban,13031700.0
3347,5,5,1,Urban,26947705.0
3255,4,3,4,Urban,24557583.0
2678,3,2,29,Prime,23034282.0
552,1,2,22,Suburban,5509501.0
3488,4,4,26,Suburban,22517692.0
973,4,3,16,Urban,13846478.0
3645,2,3,0,Prime,30290832.0
2952,3,3,9,Urban,23248468.0
1740,5,4,23,Urban,18189018.0
1628,5,4,18,Urban,15764572.0
2428,2,3,5,Suburban,16123623.0
3394,4,4,21,Prime,27410561.0
1608,4,4,29,Prime,19281620.0
2909,4,3,3,Suburban,22377858.0
1874,2,2,11,Suburban,14074374.0
2740,4,3,24,Urban,20513059.0
2800,2,1,0,Urban,20275699.0
2602,5,6,15,Urban,24760381.0
1252,4,5,23,Suburban,11375238.0
3695,1,1,5,Urban,23047483.0
2496,2,2,25,Urban,16870355.0
3412,4,3,20,Suburban,22652439.0
1909,4,4,12,Suburban,14953747.0
602,5,4,26,Suburban,8250408.0
3840,1,1,10,Urban,25020899.0
3946,1,2,14,Prime,28471087.0
3093,5,6,20,Urban,25330139.0
2009,3,2,21,Suburban,13981867.0
2692,1,1,7,Suburban,16515187.0
1534,2,1,8,Urban,15095671.0
1300,2,2,6,Suburban,8471668.0
3542,4,5,14,Urban,26942350.0
1281,5,5,29,Suburban,13044523.0
3716,2,2,6,Suburban,23631982.0
2620,3,3,14,Urban,20755960.0
3204,3,3,20,Suburban,21246357.0
1114,4,4,0,Suburban,10708057.0
3019,3,4,27,Suburban,19708002.0
3013,2,1,26,Suburban,19496529.0
536,1,1,4,Urban,8437051.0
3863,3,2,10,Prime,30911425.0
1468,4,5,24,Urban,16988619.0
3067,1,2,25,Suburban,19288251.0
3342,1,1,7,Urban,22686228.0
1517,4,5,6,Suburban,13839983.0
3994,1,1,2,Prime,30748343.0
1823,4,4,30,Suburban,14559191.0
1482,3,4,15,Urban,15599976.0
2656,2,1,6,Urban,20054691.0
3163,3,4,0,Prime,27665339.0
3725,3,3,27,Suburban,22287493.0
895,3,3,25,Prime,15162645.0
655,5,4,6,Prime,14976059.0
3117,2,1,14,Prime,25418755.0
3779,1,2,24,Prime,28258763.0
1747,4,3,29,Suburban,13881138.0
590,5,4,29,Urban,11098531.0
770,5,5,25,Prime,16091256.0
812,4,3,5,Prime,16223545.0
1115,5,5,0,Prime,20540543.0
1438,1,1,17,Suburban,8381523.0
2486,4,5,16,Prime,24352914.0
1139,2,2,25,Suburban,7488593.0
2153,1,1,28,Suburban,12394461.0
3925,3,4,13,Urban,27154681.0
2905,5,6,15,Urban,24010178.0
596,5,4,7,Urban,11499178.0
1719,1,1,22,Urban,12934056.0
2949,3,2,28,Suburban,18797115.0
2587,5,6,5,Urban,23671921.0
1580,4,4,18,Suburban,14955043.0
1814,2,1,7,Suburban,12180640.0
1570,5,4,30,Urban,17019421.0
3188,4,3,7,Prime,28452574.0
3443,5,6,11,Urban,27289841.0
522,1,2,7,Urban,7844614.0
3299,2,2,5,Suburban,19924129.0
2561,1,1,14,Suburban,15644691.0
2359,4,3,27,Urban,19220935.0
2556,3,3,15,Urban,20044072.0
1521,4,3,2,Urban,16976352.0
703,3,3,6,Urban,9739811.0
1441,5,4,24,Suburban,11783947.0
3176,2,3,28,Urban,21636808.0
3315,3,4,20,Urban,24905623.0
2720,4,5,10,Prime,25711493.0
2519,3,4,2,Urban,22051813.0
3825,4,5,0,Urban,29075618.0
2949,3,3,28,Prime,25697365.0
1155,2,1,19,Suburban,8404335.0
2903,2,3,28,Suburban,16720539.0
1987,5,6,1,Suburban,18055768.0
1973,1,2,19,Suburban,11540282.0
3527,3,2,21,Urban,24112622.0
3969,2,1,24,Urban,25683232.0
3804,5,4,30,Suburban,24568891.0
1738,1,1,14,Urban,12891877.0
2898,4,5,16,Prime,27840335.0
2111,2,2,10,Urban,18223077.0
1734,5,5,28,Suburban,15783939.0
2926,1,2,0,Urban,19823400.0
3103,1,1,17,Suburban,18600669.0
2175,1,2,1,Suburban,13991101.0
2090,3,2,16,Suburban,13588295.0
2809,4,3,8,Suburban,17678290.0
2371,1,2,29,Urban,15378631.0
3169,3,2,20,Suburban,20630896.0
2870,3,3,2,Suburban,19622326.0
632,3,3,25,Suburban,6781742.0
3755,5,6,16,Urban,30403275.0
3631,3,4,10,Suburban,22983505.0
530,5,6,26,Prime,13224206.0
1820,4,5,29,Prime,19439872.0
2949,5,5,27,Suburban,19234709.0
714,3,3,9,Suburban,7832953.0
3700,3,4,6,Suburban,24132348.0
1425,5,4,4,Suburban,15278397.0
1810,5,4,9,Urban,17656989.0
571,2,1,5,Suburban,4594135.0
1328,4,5,19,Urban,14487491.0
683,1,1,24,Prime,10865287.0
2494,3,4,26,Prime,24271809.0
3941,4,3,2,Urban,28041264.0
605,1,1,4,Urban,7764932.0
2621,5,4,17,Urban,22265086.0
3317,4,3,17,Suburban,19316071.0
3244,5,6,14,Prime,30191382.0
2208,5,4,28,Urban,20046417.0
1214,5,5,1,Urban,16748202.0
2822,1,1,15,Suburban,15900914.0
1885,1,1,16,Urban,16193373.0
3228,2,3,16,Suburban,20615982.0
2363,2,3,19,Suburban,18113694.0
568,5,5,6,Prime,16467965.0
3343,5,5,24,Suburban,23408085.0
1163,4,5,19,Suburban,12490271.0
2468,5,6,7,Urban,21319900.0
1961,3,2,14,Prime,20495164.0
901,5,4,7,Prime,15373160.0
2634,3,4,21,Urban,19179183.0
3692,5,6,1,Prime,33710649.0
1782,1,1,16,Urban,13160473.0
2333,5,5,7,Urban,21387871.0
1473,4,3,19,Suburban,12776322.0
1776,3,4,20,Urban,15583732.0
588,3,3,14,Suburban,7520399.0
3119,1,2,26,Suburban,18548105.0
1995,5,4,0,Urban,19674420.0
1971,3,2,10,Urban,17617594.0
3788,3,2,3,Suburban,26042405.0
1891,4,5,11,Urban,17559383.0
604,4,3,26,Urban,8957626.0
3013,5,4,18,Urban,22895997.0
2600,4,3,5,Urban,21604829.0
2216,1,1,5,Urban,18140258.0
1214,1,1,15,Urban,9723546.0
3089,1,2,1,Urban,20667290.0
3900,3,3,3,Suburban,24492264.0
1637,2,3,25,Prime,17922025.0
3323,4,4,15,Prime,27667963.0
2055,4,5,13,Urban,18096580.0
1255,1,1,11,Urban,10474849.0
1515,3,2,13,Prime,17008954.0
3899,5,6,20,Urban,29290464.0
1028,4,3,22,Suburban,10201066.0
1589,5,5,2,Suburban,14246293.0
1030,4,5,10,Urban,13073083.0
2916,2,1,15,Prime,23635456.0
1920,3,2,27,Prime,19528009.0
1416,2,3,27,Prime,17404984.0
914,1,1,11,Prime,13254493.0
1522,5,4,16,Urban,16926120.0
1660,4,5,18,Urban,15214714.0
723,2,2,1,Urban,10301399.0
1068,5,4,17,Suburban,11320561.0
1528,4,4,11,Urban,15421952.0
2688,4,5,10,Urban,22804205.0
1935,4,3,12,Prime,19619931.0
3317,4,4,8,Suburban,22732716.0
594,5,5,17,Suburban,7633767.0
1551,4,4,9,Urban,16053779.0
541,2,3,6,Suburban,6889805.0
798,5,5,4,Suburban,12201361.0
536,4,5,28,Urban,10315312.0
2571,3,3,20,Prime,22487757.0
3580,5,4,12,Suburban,24113126.0
2702,2,3,25,Prime,24715846.0
1952,5,4,23,Urban,18781440.0
1501,1,1,9,Suburban,10263971.0
3707,3,4,11,Suburban,24047875.0
2920,4,3,21,Suburban,20590090.0
2179,3,3,3,Urban,17031040.0
3245,4,5,1,Prime,29311154.0
2456,4,4,18,Prime,23742707.0
800,5,6,12,Urban,14738502.0
1801,4,4,11,Urban,16481778.0
3647,5,6,21,Urban,27405129.0
3230,3,2,15,Urban,24692681.0
825,3,4,7,Suburban,10657474.0
1701,4,5,18,Suburban,12648358.0
3698,5,4,18,Suburban,24373040.0
3327,2,3,29,Urban,23121858.0
787,1,2,21,Urban,9285241.0
1870,3,2,8,Urban,15494582.0
929,4,5,14,Urban,12070919.0
945,4,4,29,Urban,13478797.0
1295,4,4,8,Prime,18921236.0
1961,5,4,7,Suburban,17315188.0
1821,5,5,12,Suburban,15596420.0
602,5,6,12,Urban,12055295.0
2735,4,5,29,Urban,21241477.0
1855,1,2,3,Urban,15961320.0
1696,1,1,1,Suburban,11812944.0
1854,1,1,19,Urban,14985700.0
1281,4,3,21,Urban,13770512.0
2976,3,2,27,Urban,19714920.0
2251,5,4,19,Suburban,17804996.0
3995,2,2,17,Urban,25867798.0
3793,1,1,24,Suburban,22011561.0
1044,1,1,0,Suburban,8634120.0
1222,1,1,29,Suburban,7147052.0
2632,2,3,20,Urban,20537064.0
2230,2,3,19,Urban,17747200.0
3430,4,5,6,Suburban,24677810.0
2714,3,2,4,Urban,21093758.0
2886,1,1,21,Urban,19557059.0
1866,3,4,21,Urban,16824009.0
1317,4,3,16,Urban,14086049.0
1384,2,3,27,Urban,12454162.0
1969,4,4,22,Urban,17950454.0
2393,5,4,22,Urban,21693977.0
3765,1,1,13,Urban,24475264.0
3218,4,4,20,Urban,22223715.0
2321,3,2,30,Urban,16564473.0
2975,3,4,20,Urban,20743263.0
2866,2,1,7,Urban,19442340.0
921,4,3,4,Prime,16203731.0
1580,1,2,0,Suburban,10778808.0
2909,3,4,1,Prime,26701511.0
3273,2,1,2,Urban,21493792.0
995,4,5,14,Suburban,10364913.0
2467,5,4,28,Suburban,16791068.0
2806,4,3,2,Urban,22333771.0
3253,5,5,10,Urban,26587338.0
3847,4,4,18,Urban,26174542.0
1480,4,3,30,Suburban,11629036.0
1105,5,6,18,Suburban,13202806.0
1312,1,1,2,Urban,12499528.0
3903,4,5,20,Urban,27627163.0
1132,2,1,25,Urban,10352816.0
1665,3,4,6,Suburban,13162398.0
2583,1,1,2,Prime,23376538.0
1755,4,4,25,Suburban,14123511.0
776,5,6,5,Suburban,12612532.0
1047,5,5,26,Prime,16174954.0
1709,1,1,9,Urban,15081322.0
3591,2,3,4,Urban,24634709.0
2825,3,3,12,Prime,25120664.0
1177,4,3,6,Suburban,12583614.0
1472,3,4,22,Urban,14075680.0
3815,2,2,8,Prime,29681980.0
1408,5,5,5,Urban,16203428.0
1427,3,3,26,Suburban,11664745.0
1319,5,6,30,Suburban,12768335.0
888,5,4,16,Suburban,11776237.0
2156,1,1,26,Urban,15203369.0
3662,5,4,12,Urban,27949013.0
3146,5,5,3,Urban,25139962.0
2759,4,3,23,Urban,20473640.0
1423,3,2,27,Suburban,9994302.0
3068,1,2,13,Urban,21438554.0
2362,4,4,17,Suburban,18518789.0
2713,2,3,21,Suburban,19529733.0
3966,5,6,19,Suburban,27337478.0
3685,5,4,21,Urban,26929373.0
2253,1,2,5,Suburban,14181631.0
2691,3,2,23,Suburban,18092890.0
1444,1,2,25,Suburban,9673786.0
2722,2,2,11,Urban,20384316.0
3435,2,3,7,Urban,26223536.0
1036,2,2,10,Urban,11276604.0
3668,4,4,24,Urban,25764831.0
526,4,5,2,Urban,11685782.0
3112,4,4,21,Urban,22837429.0
1404,1,1,1,Urban,13769809.0
1639,4,4,21,Urban,16070335.0
1830,5,4,7,Urban,18358504.0
2251,2,1,12,Urban,17940384.0
2682,2,2,11,Suburban,17400303.0
1625,4,5,14,Prime,19759289.0
2258,5,6,27,Urban,19672108.0
3729,2,3,12,Suburban,24076186.0
2838,4,4,16,Prime,26533550.0
537,4,3,10,Urban,11498110.0
2574,4,3,20,Urban,20920467.0
3559,4,4,18,Urban,27235322.0
2680,1,2,20,Suburban,15095006.0
1414,3,2,25,Urban,12588116.0
1515,5,6,28,Suburban,13874902.0
1013,3,2,1,Suburban,9605284.0
2770,1,1,1,Suburban,16546894.0
3438,1,2,19,Urban,22634679.0
1986,1,2,25,Urban,15652724.0
3271,1,2,26,Prime,26834743.0
2327,1,1,29,Prime,19386823.0
640,4,4,20,Suburban,9127744.0
517,5,5,22,Prime,13365599.0
1532,5,4,20,Suburban,12217246.0
2692,3,4,22,Urban,22149909.0
829,4,3,30,Prime,14577771.0
2260,4,3,29,Urban,17910913.0
3114,2,3,6,Urban,22644749.0
3696,1,1,21,Prime,25560606.0
3663,4,3,8,Urban,27592344.0
1160,3,3,3,Urban,12117790.0
1519,4,4,25,Urban,15491777.0
621,5,5,4,Prime,16484410.0
1745,2,2,5,Suburban,12407311.0
1913,3,2,9,Suburban,14829728.0
615,4,3,23,Urban,8921741.0
3532,3,3,11,Urban,25424064.0
851,3,3,18,Suburban,9688856.0
2150,2,2,22,Urban,16659924.0
724,3,2,10,Suburban,8506921.0
547,4,4,12,Urban,10859921.0
3034,5,4,6,Urban,25067103.0
1461,4,3,15,Suburban,12374770.0
1226,4,3,6,Urban,12930947.0
1320,3,3,12,Urban,13036668.0
2131,5,5,0,Urban,21140523.0
820,4,3,26,Urban,11182203.0
1447,3,3,15,Urban,14810334.0
3756,1,1,4,Suburban,21857305.0
2319,2,2,23,Urban,17810956.0
3828,2,1,10,Suburban,24379899.0
2441,5,4,8,Suburban,18789858.0
1365,4,4,2,Urban,15634210.0
1713,2,2,2,Urban,15842368.0
2853,3,3,20,Suburban,20070572.0
1421,1,1,17,Prime,15649923.0
856,4,4,23,Prime,16021911.0
3678,5,5,13,Suburban,25732294.0
785,4,5,2,Suburban,10889146.0
3773,2,2,30,Prime,28883620.0
3492,3,4,5,Urban,26061305.0
2135,5,6,28,Urban,20553050.0
711,2,1,30,Urban,8439858.0
1892,3,4,22,Urban,15732494.0
1200,5,6,10,Suburban,13078016.0
2313,2,2,12,Prime,20901250.0
1736,1,1,7,Urban,14397711.0
2396,4,3,14,Suburban,17206313.0
1141,2,3,0,Suburban,9890517.0
3851,3,2,14,Prime,30690019.0
1269,2,3,3,Suburban,11606555.0
2017,2,1,23,Prime,18662544.0
574,1,2,25,Suburban,6235932.0
1701,4,5,19,Suburban,16478329.0
2954,3,3,29,Suburban,19505042.0
3824,2,1,8,Suburban,22465887.0
1679,2,1,30,Urban,12811774.0
2770,2,1,9,Urban,21320082.0
1769,4,4,8,Suburban,15485769.0
969,1,2,3,Suburban,7572584.0
3047,1,2,30,Urban,20103749.0
2414,2,2,1,Urban,19591203.0
3041,2,2,23,Prime,25484095.0
3364,3,2,4,Suburban,22372714.0
1204,1,2,20,Urban,10618265.0
2476,3,2,9,Suburban,17695493.0
1895,4,4,22,Suburban,13350356.0
1423,3,3,0,Suburban,13214517.0
2206,1,1,2,Urban,15485768.0
1770,2,2,25,Urban,13553552.0
3371,5,5,30,Suburban,22084582.0
3054,5,5,4,Urban,25480699.0
3613,5,6,8,Suburban,24317189.0
2447,1,2,12,Prime,19733021.0
1391,3,3,2,Prime,19253205.0
556,4,3,7,Urban,10580058.0
1822,5,4,23,Suburban,16560808.0
1623,1,1,11,Suburban,9633675.0
2254,4,4,10,Suburban,15833291.0
3090,1,1,21,Urban,18961178.0
2333,2,2,22,Suburban,15409700.0
714,5,5,3,Urban,14365011.0
1562,5,5,14,Urban,17120459.0
1907,2,3,30,Urban,15461599.0
3058,1,1,13,Urban,21779105.0
2453,2,3,2,Urban,21317809.0
3387,3,2,19,Suburban,20714594.0
1559,5,5,5,Prime,20110454.0
816,5,6,4,Suburban,13132315.0
2901,2,2,26,Suburban,18262554.0
3302,3,2,28,Suburban,20527388.0
727,2,1,10,Suburban,6778908.0
2629,1,1,2,Suburban,16000610.0
3772,5,4,8,Suburban,24424958.0
3255,3,4,15,Prime,26769789.0
3146,5,5,30,Urban,24839016.0
2062,3,2,10,Suburban,15101156.0
3566,5,5,13,Urban,27130388.0
1143,1,2,1,Suburban,7942206.0
2327,1,1,21,Urban,16578186.0
2023,4,5,1,Urban,19108334.0
2129,4,3,30,Prime,21046103.0
1032,5,6,25,Urban,14504552.0
1580,5,4,11,Suburban,14785915.0
3789,1,1,27,Urban,24262311.0
851,1,1,26,Suburban,5287518.0
3103,2,1,8,Suburban,19532773.0
2309,2,1,13,Suburban,15055183.0
3286,5,4,4,Suburban,24245094.0
1584,3,4,2,Urban,16189578.0
739,4,3,11,Suburban,9231243.0
3525,5,4,13,Urban,26173250.0
2326,5,4,13,Urban,18993833.0
1073,1,1,0,Prime,13763396.0
1460,1,1,22,Suburban,7995645.0
643,2,2,1,Suburban,7412115.0
2522,5,4,19,Prime,25110811.0
3259,1,2,28,Urban,22788469.0
2395,1,1,12,Suburban,14231136.0
3931,4,5,29,Urban,28010238.0
2845,1,1,10,Urban,19437156.0
2011,4,3,17,Urban,16004923.0
3302,5,5,20,Suburban,24296358.0
3548,2,3,27,Suburban,21866530.0
1345,1,1,26,Urban,9332388.0
3015,5,6,13,Suburban,23778947.0
2849,3,4,29,Suburban,17663046.0
3252,5,6,18,Urban,27242248.0
2724,5,5,29,Urban,21998187.0
2563,1,2,27,Suburban,14009113.0
1991,5,6,18,Prime,21864507.0
2273,4,5,3,Urban,21469639.0
3384,1,1,6,Urban,23130980.0
2704,5,6,18,Suburban,20798975.0
3957,3,4,30,Suburban,24126429.0
3288,4,5,30,Suburban,23424070.0
3987,1,1,13,Urban,23677921.0
3825,1,1,14,Suburban,20950881.0
1994,3,4,19,Prime,20554842.0
3615,1,1,28,Urban,22604191.0
3699,5,6,25,Urban,28146505.0
3066,1,2,29,Prime,24418199.0
3506,1,1,5,Urban,23512003.0
3755,2,1,26,Prime,27488431.0
3238,2,1,25,Suburban,19688545.0
594,3,4,18,Suburban,7606435.0
1345,3,2,8,Urban,12344866.0
537,5,6,8,Prime,16323181.0
3250,5,5,27,Suburban,21364260.0
1390,5,5,28,Suburban,12174572.0
3699,1,1,10,Urban,24242074.0
523,5,5,23,Prime,13503467.0
2861,2,2,19,Suburban,18237083.0
2459,4,5,11,Urban,22295104.0
2676,4,4,14,Urban,22844256.0
1192,4,3,6,Suburban,11856864.0
3436,1,1,17,Urban,22687794.0
3570,1,1,10,Urban,23970503.0
3974,1,1,25,Prime,28626005.0
836,2,1,8,Prime,13540804.0
2935,2,3,7,Suburban,19652129.0
3204,5,5,15,Prime,28714169.0
3214,4,4,14,Suburban,22306291.0
711,2,2,27,Suburban,7523283.0
945,4,4,19,Suburban,9573157.0
3785,5,5,27,Prime,31481776.0
927,1,1,13,Urban,8522310.0
1773,4,4,28,Suburban,12533169.0
2109,4,5,28,Suburban,16554185.0
1475,4,4,27,Urban,12974858.0
2974,1,1,7,Suburban,18914182.0
1623,5,6,2,Suburban,15370991.0
3568,2,2,11,Urban,25027285.0
2967,4,5,15,Urban,23332737.0
1475,1,1,19,Suburban,9202699.0
3529,4,3,11,Prime,30070238.0
2510,2,1,1,Suburban,16164993.0
2843,4,4,8,Suburban,20873800.0
1562,1,1,5,Prime,14668444.0
992,4,5,19,Urban,11487045.0
2197,5,5,19,Suburban,18584339.0
1808,2,2,13,Urban,14340416.0
521,5,6,4,Urban,12568911.0
2204,3,2,25,Prime,22515215.0
1136,2,1,13,Suburban,7411748.0
1454,2,1,29,Urban,12045946.0
696,2,1,4,Urban,8782066.0
3770,1,1,19,Urban,24768883.0
2528,3,3,20,Suburban,17635071.0
2974,3,4,29,Urban,21474369.0
1148,4,5,8,Urban,16133545.0
2955,4,4,14,Prime,27268478.0
2431,5,5,11,Suburban,18264042.0
1368,5,4,7,Suburban,14627514.0
2208,5,6,19,Urban,19761712.0
2358,4,3,17,Prime,24375828.0
3120,3,4,15,Suburban,22466730.0
1313,4,4,27,Prime,16355926.0
3599,4,4,7,Prime,30866893.0
1628,2,1,27,Urban,12389124.0
2799,5,4,29,Urban,21644892.0
3217,1,1,12,Suburban,18971424.0
3254,4,3,30,Urban,23912353.0
1374,5,5,28,Urban,17151668.0
1733,3,3,1,Urban,16504838.0
2888,2,3,7,Suburban,19220818.0
1600,4,5,23,Suburban,12029661.0
1345,5,6,0,Urban,17766859.0
3543,4,4,15,Prime,30134149.0
3276,2,3,11,Prime,26696234.0
1134,3,2,7,Prime,16256877.0
1060,5,6,21,Urban,12838546.0
1886,1,2,28,Prime,18171996.0
3593,2,2,24,Urban,23856268.0
1654,1,1,5,Suburban,11080174.0
681,2,2,21,Urban,9222372.0
2718,4,5,20,Suburban,19329293.0
1246,1,1,17,Suburban,8399718.0
2011,3,2,1,Prime,20817700.0
2799,5,6,20,Suburban,22267073.0
1713,1,1,18,Urban,12234403.0
1757,4,5,24,Suburban,15320698.0
1941,3,4,3,Urban,19559673.0
1070,4,5,20,Urban,13615347.0
1091,3,4,22,Urban,12827491.0
1025,2,1,18,Suburban,9225422.0
3686,1,1,23,Suburban,20237152.0
2330,3,2,7,Urban,18484372.0
1881,3,3,5,Prime,20101959.0
1576,1,2,16,Prime,17277907.0
2576,3,4,15,Urban,21592875.0
3660,2,2,24,Urban,25266755.0
3424,2,1,15,Suburban,20842106.0
3114,5,6,18,Prime,28508593.0
3881,1,2,9,Urban,25286483.0
2214,2,1,23,Prime,20535791.0
3792,4,5,16,Suburban,24432596.0
2781,3,2,15,Suburban,17492932.0
3083,3,2,14,Suburban,18906439.0
1283,3,2,17,Prime,16097332.0
1896,3,3,4,Urban,16309929.0
2008,5,4,8,Suburban,17301820.0
710,2,1,25,Suburban,7101309.0
3326,2,1,25,Suburban,18514428.0
1591,3,2,8,Suburban,13267601.0
3658,3,4,25,Suburban,23592621.0
1118,2,1,16,Urban,11307392.0
1020,3,2,16,Urban,11803728.0
2842,2,2,27,Urban,18468020.0
1621,5,6,1,Urban,18176646.0
2901,4,4,2,Urban,22368825.0
3207,5,5,16,Suburban,23371172.0
1278,5,6,26,Suburban,12410109.0
1502,1,1,21,Urban,12122461.0
584,4,5,28,Suburban,5736273.0
1684,1,2,16,Urban,13395637.0
2073,2,2,8,Suburban,14179225.0
842,3,4,17,Urban,10808570.0
3381,3,4,19,Urban,25177054.0
3426,1,1,29,Suburban,19286731.0
809,2,1,8,Suburban,7225984.0
886,1,1,25,Suburban,6385191.0
2068,3,4,8,Suburban,15687675.0
2861,5,5,2,Prime,28746314.0
1715,1,1,19,Urban,11732980.0
822,3,3,8,Prime,13658243.0
1951,5,5,7,Urban,18933909.0
1424,5,5,22,Suburban,14389649.0
3222,4,4,6,Suburban,23137065.0
3740,5,5,12,Urban,29965723.0
3417,3,3,2,Urban,26711864.0
920,3,3,25,Prime,13430435.0
2393,3,3,30,Urban,18375668.0
3245,3,4,27,Suburban,20566033.0
1350,1,2,16,Suburban,9374987.0
1260,5,4,30,Urban,14376466.0
3753,2,2,27,Suburban,21989130.0
3378,1,2,6,Urban,22860060.0
516,4,4,16,Urban,10597124.0
1666,1,2,21,Prime,16168026.0
850,2,2,30,Prime,13717807.0
2386,1,1,6,Suburban,14735296.0
599,2,2,21,Suburban,6209196.0
3347,1,1,0,Prime,26390097.0
2193,3,4,7,Urban,18088816.0
814,3,3,23,Urban,10112177.0
3946,5,5,27,Urban,29398412.0
1827,1,1,2,Urban,16400364.0
3413,4,4,9,Suburban,23171227.0
3662,4,4,19,Suburban,24128421.0
1932,1,1,5,Urban,14797630.0
1425,4,3,18,Suburban,10488470.0
3831,4,4,30,Suburban,24100520.0
2487,3,4,25,Urban,19204557.0
1168,4,5,23,Urban,15338764.0
3689,1,1,18,Urban,24127610.0
1375,5,5,15,Urban,16252290.0
2966,2,3,7,Prime,25011301.0
719,1,1,16,Suburban,5388905.0
3709,2,2,3,Suburban,23308196.0
3367,5,6,11,Suburban,24304316.0
2439,4,4,24,Prime,23976858.0
2485,4,3,8,Urban,21868519.0
2848,2,2,25,Urban,18227568.0
1972,3,2,11,Suburban,14526410.0
725,5,5,27,Prime,17175557.0
1263,1,1,5,Urban,9808087.0
3801,3,4,15,Urban,27909487.0
2766,3,2,17,Urban,22273798.0
1971,1,1,2,Suburban,14029371.0
648,4,4,4,Urban,11263406.0
2372,1,1,22,Urban,16819872.0
3588,2,3,10,Urban,25013371.0
2362,5,5,13,Urban,20718192.0
708,5,6,11,Urban,13398763.0
1599,3,4,15,Urban,16384855.0
636,2,3,8,Urban,10595515.0
3854,2,1,24,Urban,25329328.0
1006,2,1,26,Suburban,7145934.0
2800,5,6,7,Suburban,21354014.0
792,1,1,28,Urban,9585926.0
2356,1,1,24,Urban,14166110.0
3633,5,5,7,Urban,27660758.0
1034,5,5,29,Prime,14984416.0
2722,3,3,11,Urban,19963101.0
3059,5,6,5,Urban,25317961.0
572,5,4,10,Suburban,8604156.0
2743,5,6,10,Suburban,22018783.0
958,4,5,11,Urban,13357466.0
3818,2,1,20,Prime,28266850.0
2693,3,2,26,Urban,20086009.0
2494,5,6,16,Suburban,22147668.0
622,5,6,14,Prime,15731241.0
1652,5,4,28,Suburban,13365046.0
1892,1,1,20,Suburban,11729306.0
2690,1,1,2,Urban,18566832.0
2211,3,3,2,Urban,17384139.0
1019,4,3,23,Suburban,9373238.0
1030,2,2,11,Urban,13174178.0
1295,1,2,3,Urban,12937746.0
529,4,5,17,Urban,10681642.0
2508,2,1,30,Urban,15952463.0
1274,5,4,5,Suburban,14554190.0
2753,5,4,2,Urban,24154606.0
2482,5,5,22,Urban,21450990.0
3880,1,1,10,Urban,25870213.0
2770,3,3,14,Urban,20912741.0
630,5,5,0,Urban,12610150.0
594,4,4,6,Urban,11787817.0
3566,5,5,28,Urban,25978786.0
610,4,3,7,Urban,11130386.0
1920,5,4,29,Urban,17675515.0
1042,2,3,24,Urban,10818593.0
608,1,1,23,Suburban,5980985.0
1973,5,4,29,Urban,16496364.0
1889,3,4,24,Urban,15882639.0
3687,2,2,0,Suburban,23318462.0
2595,3,4,13,Prime,24901282.0
2506,1,1,0,Urban,19613881.0
1790,4,5,15,Urban,18290183.0
2683,4,3,18,Urban,22500085.0
1728,3,4,24,Suburban,14098789.0
2772,2,1,2,Urban,20540883.0
3354,4,3,14,Urban,24962903.0
2499,1,1,20,Urban,16828708.0
1987,1,1,30,Urban,13680616.0
1859,1,1,14,Suburban,11245983.0
3852,4,3,5,Prime,32983919.0
860,4,3,10,Urban,12392109.0
1405,2,1,21,Prime,14763529.0
1358,4,5,13,Urban,14843615.0
844,3,3,27,Urban,9892017.0
3579,4,3,19,Urban,26901293.0
2193,5,5,20,Urban,19932985.0
664,2,1,9,Prime,11436714.0
3052,5,5,24,Urban,24373009.0
1369,1,2,24,Suburban,8483537.0
1727,4,3,26,Suburban,12331726.0
3082,2,3,7,Prime,27199175.0
1354,5,5,27,Urban,15988804.0
3418,2,3,8,Urban,25358021.0
2466,2,3,25,Suburban,15103507.0
3310,5,4,11,Suburban,23407862.0
3373,1,2,13,Urban,22870042.0
3219,3,2,24,Urban,21478838.0
2514,5,6,13,Urban,21957944.0
508,2,1,3,Suburban,6248071.0
2601,4,5,11,Urban,21770840.0
3020,2,3,9,Suburban,20303789.0
1885,5,4,16,Urban,18802938.0
1796,3,4,5,Urban,16589395.0
2790,5,6,25,Suburban,20907817.0
2289,5,5,28,Prime,23948191.0
3160,4,3,30,Urban,23281252.0
1536,1,1,29,Urban,12323765.0
775,4,3,26,Urban,11555208.0
2426,1,1,20,Urban,15281451.0
3920,2,3,27,Urban,24498612.0
3700,4,3,21,Suburban,22004059.0
2013,1,2,11,Suburban,13908040.0
2468,4,5,16,Prime,24269201.0
2105,1,2,26,Suburban,14158776.0
2971,1,1,16,Urban,20562161.0
2232,5,4,14,Urban,19671918.0
2950,1,2,20,Suburban,18508190.0
3064,5,6,25,Suburban,21482639.0
682,3,2,29,Urban,8763910.0
2148,4,4,12,Urban,17979365.0
752,1,1,17,Urban,8945695.0
2622,3,3,12,Suburban,16538203.0
726,2,3,4,Suburban,9175726.0
1542,2,3,19,Urban,15110638.0
3766,2,3,14,Urban,27222348.0
1388,1,2,21,Urban,11518507.0
3739,4,4,9,Urban,27883012.0
2296,3,2,16,Urban,17359666.0
915,1,1,23,Suburban,7001826.0
918,1,2,2,Suburban,6667339.0
1475,2,3,10,Urban,13663276.0
663,4,3,20,Urban,9125767.0
3270,4,4,26,Suburban,22128715.0
2986,3,2,15,Suburban,18678996.0
3126,1,1,12,Urban,20333801.0
1007,3,4,3,Suburban,10587430.0
2799,1,2,0,Urban,20154054.0
2684,3,2,15,Urban,19816328.0
1145,3,2,5,Prime,15168265.0
3721,4,5,12,Prime,32478749.0
638,3,2,5,Urban,10567258.0
3416,3,2,21,Suburban,21759427.0
612,2,2,15,Suburban,6398130.0
873,3,4,15,Urban,11940556.0
3552,3,3,22,Suburban,22426552.0
2131,1,1,7,Urban,16116604.0
3310,5,4,15,Urban,26631375.0
2429,5,6,12,Suburban,18720338.0
2440,2,3,28,Urban,17486995.0
1708,1,2,3,Suburban,10168385.0
1305,2,3,30,Suburban,10773735.0
1786,3,4,18,Suburban,13419462.0
1706,4,4,6,Urban,16687348.0
3849,5,6,8,Suburban,27185292.0
1000,5,5,21,Suburban,10691078.0
1051,1,2,10,Urban,10659994.0
2397,3,3,26,Urban,18883958.0
3471,3,2,22,Suburban,21117439.0
2626,3,3,30,Urban,18524510.0
3235,3,2,5,Urban,23648615.0
523,4,5,6,Suburban,9344761.0
1143,3,2,26,Urban,12452391.0
978,1,1,21,Prime,12184077.0
1794,1,2,17,Suburban,9918564.0
1503,1,1,21,Urban,11535453.0
2338,5,6,30,Suburban,18863417.0
3449,3,2,5,Prime,27934519.0
3664,5,4,24,Urban,27324619.0
1186,4,4,30,Urban,13262344.0
501,1,1,24,Prime,9437536.0
703,5,5,29,Suburban,10611604.0
3633,3,3,27,Prime,30267319.0
1653,4,4,1,Suburban,14334562.0
697,2,2,14,Prime,12673168.0
2020,1,1,6,Prime,19264984.0
1547,1,2,14,Urban,13551663.0
1568,1,2,20,Prime,16196344.0
511,2,2,19,Urban,6765354.0
2654,5,6,27,Urban,23826304.0
3892,4,3,12,Urban,27671838.0
2810,4,4,10,Prime,26204559.0
3866,2,3,28,Urban,27083037.0
3035,3,3,4,Suburban,20967259.0
2018,5,6,30,Urban,19040731.0
1702,3,2,12,Suburban,12837934.0
2983,4,3,26,Suburban,20581198.0
3885,5,4,9,Prime,32850826.0
676,5,6,24,Suburban,10268545.0
3672,4,3,10,Urban,27680778.0
2440,5,6,17,Suburban,19552358.0
2715,4,4,14,Urban,21912238.0
1719,4,3,23,Suburban,11770824.0
3527,3,2,24,Suburban,24656466.0
2430,5,5,14,Urban,21602213.0
1519,5,4,15,Suburban,13676574.0
1574,3,2,25,Urban,14258858.0
3027,3,2,22,Urban,21690971.0
2828,1,2,23,Suburban,17567740.0
2426,4,3,19,Urban,19174825.0
2178,2,3,19,Urban,16714001.0
613,4,3,6,Urban,10524860.0
2224,2,1,29,Suburban,14439328.0
3412,1,2,19,Urban,22330026.0
2218,5,4,16,Urban,21295823.0
3039,1,1,27,Suburban,18202558.0
1723,4,3,0,Urban,16137163.0
3070,4,4,4,Suburban,21190686.0
2283,3,2,29,Urban,16840452.0
2261,3,4,16,Suburban,16025335.0
3014,2,3,19,Prime,25206323.0
3697,5,4,1,Urban,27564776.0
2714,5,4,21,Urban,22295485.0
1990,4,4,9,Suburban,15861881.0
971,3,2,9,Prime,14932266.0
2253,5,6,1,Urban,21299072.0
2813,4,5,13,Urban,23620587.0
1524,2,2,4,Suburban,10910169.0
1196,3,3,13,Suburban,10475542.0
1936,4,5,7,Suburban,14982305.0
2770,4,5,0,Suburban,22207572.0
2519,4,5,20,Suburban,18270638.0
3090,5,6,7,Suburban,24567774.0
2331,3,3,19,Prime,21501946.0
2749,4,4,29,Urban,22069751.0
2605,5,6,5,Suburban,19381719.0
3268,5,4,16,Urban,26489085.0
3142,5,6,8,Prime,29803175.0
1929,3,3,4,Suburban,13879647.0
3865,3,2,23,Suburban,22471838.0
3968,1,2,15,Suburban,22937557.0
2325,3,3,22,Urban,18537475.0
3602,1,1,5,Urban,22800301.0
2442,3,4,11,Suburban,18200757.0
2356,1,2,24,Urban,17240162.0
2642,1,1,1,Prime,22971150.0
1559,2,2,7,Urban,15032433.0
895,4,4,26,Suburban,7727887.0
3773,1,1,10,Suburban,23232910.0
3991,1,2,20,Suburban,22199560.0
2519,1,2,16,Urban,17666281.0
3251,2,3,21,Suburban,19774974.0
1009,2,2,21,Urban,11265609.0
2824,5,6,18,Suburban,21798390.0
1935,5,5,22,Urban,18381480.0
3749,2,2,26,Prime,28562601.0
914,3,2,10,Urban,10905555.0
1461,1,1,3,Prime,15000699.0
2211,5,5,29,Suburban,17569320.0
1780,2,3,13,Suburban,13335207.0
1420,2,3,17,Suburban,11630453.0
3172,1,1,25,Urban,20136220.0
1040,5,6,7,Suburban,14353038.0
1691,4,3,24,Urban,14673676.0
3157,5,4,30,Urban,25905274.0
623,5,5,5,Suburban,10944822.0
1595,5,5,18,Prime,20293358.0
1067,1,1,20,Prime,12325392.0
3848,4,5,27,Urban,26715131.0
1104,1,2,30,Suburban,7698069.0
2914,2,1,15,Urban,19277958.0
3216,3,4,18,Urban,23304109.0
1850,3,4,23,Urban,16585789.0
3729,4,3,1,Prime,32010661.0
1523,3,3,3,Suburban,13433675.0
915,5,5,30,Suburban,11197219.0
994,3,4,9,Suburban,10496572.0
3899,2,1,18,Urban,24761010.0
1730,5,5,5,Suburban,16029460.0
1704,5,4,8,Suburban,14948339.0
2439,3,2,13,Suburban,15551253.0
3666,2,2,19,Urban,24028369.0
550,1,1,7,Suburban,4226437.0
2464,2,2,26,Suburban,14330664.0
2503,1,1,8,Suburban,16982157.0
2767,4,3,15,Suburban,18426227.0
1243,3,4,9,Suburban,13169762.0
1913,5,6,26,Suburban,16343494.0
1078,5,6,1,Urban,15968643.0
1463,5,5,30,Urban,15596603.0
1036,3,4,30,Urban,12129587.0
759,3,3,15,Urban,11176626.0
1513,3,3,21,Suburban,10695427.0
899,2,2,8,Suburban,8395540.0
2630,4,4,10,Suburban,18831756.0
1557,3,3,24,Prime,17477739.0
1405,5,6,13,Prime,20115509.0
1984,3,2,25,Suburban,13956038.0
2850,2,2,14,Suburban,20044519.0
2715,3,3,10,Suburban,19627341.0
2239,4,4,16,Prime,22343054.0
1027,2,3,12,Urban,11221605.0
1741,1,1,21,Urban,12299098.0
2128,4,5,26,Urban,18965705.0
3862,2,3,13,Suburban,21971478.0
3607,2,3,7,Urban,24504808.0
3771,2,1,10,Urban,25137499.0
1643,3,3,19,Urban,17100084.0
1210,3,4,21,Suburban,10902864.0
1456,1,2,24,Prime,16809931.0
2133,3,4,11,Urban,20216997.0
1090,5,4,19,Urban,13988663.0
2455,2,2,15,Prime,22759856.0
3630,5,5,20,Urban,26830305.0
1716,1,1,15,Urban,14186868.0
1182,4,5,29,Suburban,10685902.0
1789,5,4,28,Prime,21103839.0
1028,5,5,2,Prime,17822344.0
3858,4,3,9,Suburban,25034205.0
802,2,2,22,Suburban,8779996.0
2572,1,2,9,Urban,18304086.0
3246,4,3,29,Urban,23740696.0
3775,4,4,21,Urban,27459284.0
2985,2,1,19,Urban,20816918.0
1715,1,1,30,Urban,13903570.0
3817,5,4,10,Urban,30021509.0
2766,3,2,13,Suburban,17217591.0
2479,3,2,0,Suburban,17340529.0
2412,1,1,26,Urban,15960761.0
883,5,6,11,Urban,15243832.0
3276,5,6,7,Urban,28460066.0
1098,5,6,1,Suburban,13000238.0
1265,3,4,22,Suburban,10419786.0
2273,1,2,12,Urban,16082813.0
631,4,4,26,Suburban,9957480.0
3332,5,4,13,Suburban,24330910.0
3336,4,3,6,Suburban,22868854.0
1107,3,2,3,Suburban,10595429.0
3617,1,1,9,Urban,23682531.0
2394,2,3,7,Urban,18555306.0
658,5,4,27,Urban,10945001.0
2769,2,2,5,Urban,20796200.0
3573,1,1,5,Urban,23477825.0
1855,3,3,23,Suburban,12898693.0
2174,1,1,21,Urban,15051259.0
1100,4,3,2,Suburban,12072241.0
762,3,3,20,Suburban,9718397.0
562,5,6,10,Suburban,9559536.0
1379,3,4,10,Urban,14664021.0
2899,1,2,27,Suburban,17677322.0
1092,5,6,21,Urban,14142033.0
909,1,1,7,Suburban,8458978.0
2330,3,3,14,Suburban,17205302.0
3221,2,1,25,Urban,22142979.0
3984,5,4,2,Urban,29878109.0
3062,4,4,15,Urban,25171470.0
1883,2,2,29,Urban,14440626.0
2273,1,1,10,Suburban,14566339.0
2909,3,4,23,Suburban,19580165.0
1921,3,3,2,Suburban,16005395.0
1552,3,4,29,Urban,12655008.0
3706,3,2,26,Urban,23712245.0
968,2,1,25,Urban,10822304.0
3109,2,3,0,Suburban,19046168.0
3926,3,2,16,Urban,26917344.0
2981,2,3,4,Urban,20706478.0
3598,1,1,15,Suburban,21415777.0
2488,4,4,10,Suburban,17384606.0
846,3,2,25,Suburban,8849496.0
1369,1,1,28,Urban,9656194.0
1378,1,2,2,Urban,12741438.0
2102,5,6,4,Suburban,19180907.0
2399,1,1,19,Urban,18347579.0
629,1,1,2,Suburban,6127135.0
3108,5,4,7,Suburban,22871642.0
2951,5,6,0,Urban,24376397.0
1574,4,5,29,Prime,18421743.0
3380,5,4,0,Suburban,24923373.0
677,2,1,0,Urban,9066629.0
533,5,6,13,Suburban,8214908.0
1442,4,3,30,Urban,13758061.0
897,3,4,18,Urban,11956196.0
2475,2,1,26,Prime,20037944.0
856,1,1,4,Suburban,7939201.0
3514,1,1,2,Urban,24134112.0
1061,4,4,0,Suburban,10727982.0
568,2,3,29,Suburban,6129162.0
3974,2,3,5,Suburban,22823147.0
2990,1,2,17,Urban,19014177.0
2005,1,1,19,Prime,18848006.0
2628,3,4,21,Prime,23586654.0
1058,2,3,27,Urban,9962792.0
1655,1,1,14,Suburban,11146890.0
3375,1,1,30,Urban,21520224.0
2129,3,4,21,Suburban,15939079.0
1684,3,4,14,Urban,16393358.0
637,3,3,3,Suburban,9133769.0
1896,1,1,26,Urban,14049351.0
2214,4,4,6,Suburban,18320424.0
1588,4,5,9,Suburban,16254480.0
3192,5,5,1,Suburban,23146501.0
3057,4,4,29,Suburban,20838106.0
1594,4,4,30,Suburban,12467382.0
2556,1,1,16,Urban,18901084.0
2463,4,4,10,Urban,21979793.0
525,2,2,21,Suburban,6038447.0
2856,4,5,21,Prime,27789511.0
3418,2,3,13,Urban,24484467.0
911,5,6,7,Prime,16347972.0
1186,1,1,16,Suburban,8026944.0
1969,4,5,20,Prime,22137769.0
3689,4,4,24,Urban,27091958.0
1517,4,3,22,Suburban,12662143.0
2743,2,2,6,Urban,22168106.0
1315,5,6,2,Urban,16513309.0
3699,5,4,12,Urban,29149026.0
2590,4,5,30,Prime,24867327.0
2758,2,1,4,Urban,20238108.0
659,5,5,5,Suburban,10673142.0
2820,1,2,23,Suburban,17932790.0
2298,4,4,1,Suburban,18881049.0
3508,5,5,21,Urban,25449964.0
3031,1,2,5,Prime,26077700.0
745,2,3,26,Suburban,4847424.0
1252,5,4,20,Urban,14945161.0
1044,4,3,11,Suburban,10849454.0
619,4,5,8,Urban,12853149.0
1236,4,4,8,Urban,14557383.0
3522,2,3,27,Urban,22383677.0
2140,4,5,22,Urban,18958742.0
3486,4,4,16,Prime,28773363.0
3513,5,5,1,Suburban,25798613.0
1686,2,2,3,Urban,13871399.0
1517,5,6,17,Suburban,14375205.0
3474,5,4,11,Suburban,24139380.0
1889,4,4,29,Suburban,17048964.0
1292,3,2,6,Suburban,11235899.0
1125,4,5,25,Urban,14217284.0
1197,4,3,27,Urban,12717472.0
3734,3,2,21,Suburban,23960047.0
2991,3,3,22,Urban,21667363.0
783,1,1,4,Suburban,7185163.0
957,4,3,18,Suburban,9500224.0
1455,3,3,17,Suburban,12110634.0
1747,1,1,21,Urban,14052291.0
3018,5,6,19,Suburban,22154114.0
2768,1,1,24,Suburban,19066130.0
2995,5,4,13,Suburban,21468427.0
1416,2,1,12,Prime,15897100.0
3132,1,1,4,Urban,20731173.0
522,2,1,0,Suburban,6337325.0
1610,5,5,15,Urban,18107188.0
3684,4,5,28,Suburban,24044821.0
1709,3,2,16,Suburban,12301593.0
1634,2,3,1,Suburban,12125333.0
1784,4,5,4,Urban,18688550.0
1428,4,5,11,Urban,15876421.0
2917,2,3,3,Suburban,19241134.0
2318,2,1,18,Urban,17041815.0
2284,5,4,2,Prime,24263330.0
3413,4,5,9,Prime,29499847.0
2784,2,3,10,Urban,20084159.0
1956,3,3,2,Suburban,15386459.0
2228,2,1,18,Suburban,13712889.0
2353,2,2,28,Prime,21374006.0
3451,3,2,0,Urban,25369666.0
3242,1,2,0,Urban,21191575.0
2743,5,5,0,Prime,28913258.0
3887,3,2,6,Suburban,24225582.0
2430,2,3,18,Prime,22795791.0
2681,2,3,7,Urban,20283757.0
2180,2,3,8,Suburban,15465896.0
3359,1,1,0,Suburban,21187247.0
1179,3,2,30,Prime,14844364.0
1318,4,3,20,Prime,16551652.0
2186,4,3,17,Urban,18033179.0
1301,1,1,0,Suburban,10889232.0
769,5,4,15,Urban,12419672.0
864,2,2,0,Prime,13236126.0
982,2,2,15,Suburban,8323571.0
1452,2,1,13,Suburban,9506938.0
3442,1,1,21,Urban,20963722.0
1316,5,6,22,Urban,16474391.0
575,5,4,7,Prime,16386043.0
3351,2,3,21,Prime,26464785.0
935,4,5,5,Suburban,10159117.0
3841,1,2,0,Urban,23978045.0
598,4,4,16,Suburban,8700225.0
887,3,2,10,Urban,12004330.0
1017,3,4,4,Urban,11928916.0
2797,2,2,19,Suburban,19054181.0
3794,1,2,25,Urban,21544863.0
3964,1,1,26,Urban,23662314.0
1281,4,5,8,Urban,16538443.0
3733,5,4,23,Urban,28740197.0
3926,4,5,6,Urban,27710643.0
1236,1,2,12,Urban,12426884.0
1813,2,3,27,Prime,19643131.0
2571,2,3,28,Suburban,17020037.0
1476,5,6,24,Urban,16627341.0
2900,1,1,26,Suburban,16727316.0
1365,2,3,26,Urban,11195216.0
561,2,3,8,Suburban,6913696.0
3155,1,1,2,Urban,21604742.0
779,1,1,13,Urban,7754965.0
3120,4,3,1,Suburban,20981482.0
3029,3,2,6,Prime,25515794.0
1697,3,4,11,Urban,15966183.0
2287,4,4,2,Urban,21484974.0
2947,1,2,20,Urban,20193232.0
2874,3,2,6,Urban,22349529.0
3765,5,5,8,Urban,30023758.0
887,4,4,17,Prime,14827204.0
3291,3,2,16,Urban,23452870.0
1183,5,6,7,Urban,15588033.0
3368,1,2,13,Prime,25447605.0
3240,4,4,30,Urban,24604314.0
3375,5,5,18,Suburban,23802056.0
1847,1,1,18,Urban,15515498.0
3320,4,4,1,Prime,29019711.0
2214,5,5,21,Urban,21445528.0
3170,4,3,19,Urban,22807992.0
3189,5,6,4,Urban,27242497.0
3646,5,5,23,Suburban,24500205.0
792,5,6,16,Prime,17670250.0
3898,4,4,10,Urban,29177471.0
906,2,1,25,Urban,10542359.0
3443,5,4,6,Suburban,24063546.0
2253,5,6,14,Urban,21679664.0
3339,3,4,21,Urban,23571823.0
2781,2,2,7,Urban,19991447.0
2205,3,3,22,Urban,17812566.0
1656,2,1,20,Prime,15296363.0
3114,1,2,14,Suburban,19285026.0
2305,3,2,5,Suburban,15667431.0
2013,2,1,20,Suburban,13350680.0
3133,4,3,13,Urban,23008118.0
1288,4,3,13,Prime,17860884.0
3528,2,3,30,Urban,22506859.0
1446,5,6,27,Suburban,14510963.0
1378,2,2,4,Prime,17371321.0
1837,4,5,15,Urban,17671358.0
3067,2,2,21,Urban,21147392.0
3792,3,4,2,Prime,29997712.0
1253,1,1,7,Urban,11156830.0
1158,4,4,19,Suburban,12651821.0
2166,3,2,16,Urban,17791816.0
3098,2,2,26,Urban,22482601.0
3081,4,4,8,Suburban,23167522.0
2982,4,4,16,Suburban,18218193.0
1618,3,4,5,Suburban,14036584.0
741,5,4,9,Suburban,10679822.0
2660,5,6,1,Urban,25150869.0
2210,4,5,27,Suburban,16769527.0
1444,4,3,16,Suburban,10244944.0
3958,3,4,29,Suburban,24935414.0
2679,2,1,3,Suburban,19272561.0
3577,4,4,9,Urban,26373870.0
2215,3,2,20,Suburban,14341452.0
2628,3,2,10,Prime,24059558.0
1976,3,3,4,Urban,17906154.0
2815,1,2,22,Urban,18120584.0
948,1,2,26,Suburban,8195550.0
2291,4,4,13,Urban,22025200.0
1856,2,1,22,Prime,17933601.0
2124,5,6,8,Urban,19742598.0
3256,4,5,10,Prime,28407401.0
2024,5,4,14,Urban,19808119.0
1101,2,3,29,Prime,12209918.0
1447,5,5,6,Suburban,14541484.0
3230,1,1,9,Suburban,18198466.0
3968,4,4,25,Urban,26448979.0
3381,2,3,30,Urban,22286024.0
3500,2,2,19,Urban,24191962.0
3723,2,3,20,Prime,28348550.0
1309,4,3,30,Urban,13510677.0
2329,2,3,26,Urban,19281533.0
3841,1,2,14,Urban,24819282.0
2289,1,1,8,Urban,15865425.0
1755,2,2,24,Suburban,11806731.0
2183,3,4,1,Urban,18930129.0
3211,2,3,0,Urban,24555266.0
2438,3,2,9,Urban,18484522.0
2217,1,2,25,Urban,14969660.0
3550,2,3,16,Prime,27424882.0
2060,4,4,14,Urban,18779658.0
2457,4,5,30,Prime,24542297.0
3094,1,1,17,Urban,21440946.0
2481,5,4,16,Urban,22752330.0
2169,4,5,27,Suburban,16780038.0
3228,2,2,21,Suburban,18918521.0
3080,2,3,10,Suburban,19981806.0
1577,2,2,10,Urban,15629592.0
3863,4,4,26,Urban,26558077.0
601,4,5,20,Suburban,8089727.0
3262,5,4,8,Prime,28325556.0
3754,4,3,0,Suburban,25073159.0
2111,1,1,2,Urban,15643851.0
1846,2,2,6,Suburban,12503751.0
3465,3,2,12,Prime,27604357.0
2213,2,3,29,Suburban,14533888.0
1683,2,2,21,Suburban,12706818.0
2152,1,1,2,Urban,16608353.0
3273,2,1,28,Urban,21713498.0
2976,4,3,9,Suburban,20793040.0
1683,5,6,6,Urban,18451918.0
1255,3,4,10,Urban,14177074.0
914,3,3,22,Urban,11388254.0
1396,5,4,5,Urban,15840203.0
2296,5,4,3,Suburban,18545366.0
1325,3,2,20,Prime,16084154.0
1129,5,4,11,Urban,15195673.0
3021,2,3,1,Urban,22762105.0
2349,1,1,22,Urban,16797346.0
2011,5,5,24,Suburban,18683379.0
749,3,2,30,Urban,8779028.0
3989,1,1,10,Urban,27766123.0
3560,1,2,6,Urban,24934812.0
3593,3,3,2,Suburban,24642041.0
3376,2,1,20,Suburban,20223266.0
3885,3,3,2,Suburban,26186124.0
1108,1,1,6,Urban,11753129.0
1231,3,4,1,Urban,15154653.0
3228,2,2,8,Suburban,18215590.0
1221,4,4,21,Suburban,10364602.0
3969,1,1,10,Urban,26818913.0
3164,4,4,12,Suburban,23405845.0
2985,4,3,12,Prime,26966192.0
2766,4,4,22,Urban,21763963.0
3424,2,3,13,Suburban,21866635.0
1570,2,1,28,Urban,11805199.0
3683,5,6,8,Urban,30345455.0
1859,3,4,0,Prime,21375420.0
2061,4,4,8,Suburban,16623468.0
556,1,2,5,Suburban,6782181.0
2890,3,3,14,Urban,20984008.0
3924,1,1,14,Suburban,22256074.0
2447,4,3,17,Urban,20858229.0
879,1,1,1,Urban,10600538.0
985,3,2,27,Prime,15131706.0
3310,4,4,2,Urban,25568415.0
1043,1,1,12,Suburban,7263879.0
2109,3,4,10,Urban,18630564.0
2458,3,4,30,Suburban,16615616.0
3034,3,3,0,Urban,24525508.0
3999,4,3,22,Suburban,24726310.0
768,4,4,14,Urban,12301567.0
1031,3,4,6,Suburban,11183630.0
2337,4,3,22,Urban,21628823.0
3526,5,5,20,Urban,26178039.0
2143,4,5,20,Suburban,17775242.0
2011,5,4,18,Suburban,17346770.0
2949,3,3,9,Suburban,19879660.0
1359,5,5,22,Urban,16072415.0
992,4,5,4,Suburban,12260874.0
2533,4,5,5,Suburban,19389221.0
3778,1,2,19,Suburban,19933557.0
1155,4,4,10,Suburban,11644467.0
3973,4,4,10,Urban,28574166.0
3217,1,1,20,Suburban,17472547.0
1231,2,1,20,Suburban,10297898.0
1174,2,1,22,Suburban,7335950.0
803,1,1,28,Suburban,5840768.0
640,3,4,5,Urban,10560305.0
2382,4,3,6,Urban,19672323.0
848,1,1,2,Urban,9434843.0
2038,5,6,19,Urban,19284783.0
2425,3,2,27,Suburban,14192608.0
2751,1,1,10,Suburban,15684467.0
930,3,4,15,Urban,11100696.0
3943,1,1,9,Prime,28582872.0
900,5,6,5,Urban,15682452.0
3021,3,2,21,Suburban,17922508.0
636,1,2,2,Suburban,5335536.0
3028,3,3,10,Suburban,20533067.0
1466,5,4,15,Prime,19579670.0
3637,1,1,7,Suburban,21192694.0
1710,5,6,8,Suburban,16893950.0
2641,2,2,6,Suburban,19191732.0
3475,3,3,6,Suburban,23445648.0
1661,3,4,15,Urban,15142281.0
1678,5,5,11,Suburban,15418605.0
991,1,1,24,Suburban,6541741.0
3116,4,5,13,Suburban,21975305.0
1446,3,3,5,Suburban,12185233.0
1671,4,5,9,Suburban,14501961.0
2604,1,2,27,Urban,17541703.0
3761,4,3,10,Suburban,24901466.0
1327,4,3,25,Urban,15069345.0
1643,2,2,2,Suburban,12911786.0
1425,4,5,8,Prime,20790180.0
2346,1,1,7,Suburban,14849208.0
2917,4,5,1,Suburban,22198674.0
1156,2,2,8,Suburban,8655642.0
3314,5,5,2,Urban,27055436.0
556,4,3,13,Prime,14916091.0
1518,5,4,10,Suburban,13771877.0
1287,1,1,25,Prime,14601292.0
3785,4,3,13,Urban,27684175.0
936,1,2,23,Urban,8222516.0
3206,3,2,1,Urban,23559059.0
1932,5,4,0,Suburban,18487230.0
1729,4,5,18,Prime,18763990.0
3992,5,4,30,Suburban,27074826.0
2135,3,2,6,Prime,21707672.0
3371,4,5,17,Suburban,25259358.0
972,4,3,1,Prime,16586191.0
1287,3,4,29,Suburban,11396992.0
3241,4,3,29,Urban,22714704.0
3195,4,4,17,Urban,25328860.0
3695,3,3,25,Suburban,23685208.0
1113,5,6,29,Suburban,11534547.0
3278,1,1,28,Prime,25186661.0
1392,1,2,2,Prime,16762516.0
823,4,3,11,Suburban,8735776.0
1719,1,1,19,Prime,16628361.0
3798,2,2,7,Suburban,21659835.0
699,4,3,12,Suburban,8107430.0
1718,4,5,10,Urban,16923491.0
2324,1,1,3,Prime,22318949.0
2577,5,6,24,Suburban,19283975.0
730,5,4,13,Urban,12973328.0
1525,3,4,7,Suburban,13498746.0
1575,4,4,26,Urban,16671999.0
1695,4,3,24,Urban,15338022.0
874,4,5,29,Prime,15689597.0
1562,1,1,13,Urban,12002652.0
2038,1,1,18,Urban,15475539.0
538,5,4,29,Urban,11551680.0
1757,4,4,12,Urban,17941987.0
2453,2,2,4,Urban,18016048.0
1654,4,3,28,Suburban,11252715.0
2224,1,2,2,Prime,19947452.0
1824,3,3,4,Urban,16352690.0
2788,3,4,14,Suburban,19800892.0
2538,2,3,15,Urban,19694122.0
1860,1,2,19,Urban,14993571.0
2942,1,2,30,Suburban,14791768.0
3925,2,2,23,Urban,25513504.0
818,5,4,28,Urban,12602117.0
3014,2,2,8,Urban,21472355.0
3583,2,3,12,Urban,23784294.0
3127,5,5,15,Suburban,21960423.0
2464,4,4,0,Urban,23491166.0
1530,5,4,24,Prime,19403245.0
3257,2,3,7,Prime,27385650.0
3722,3,3,23,Urban,25047131.0
3697,1,1,27,Suburban,20303988.0
3166,4,4,7,Urban,24295397.0
1009,1,1,11,Suburban,7889964.0
2980,2,2,15,Urban,20933114.0
1568,5,6,15,Urban,16958562.0
669,3,3,23,Suburban,5743094.0
3781,2,2,9,Urban,25199930.0
2361,5,4,25,Prime,23318540.0
971,5,6,8,Suburban,10394554.0
596,1,2,19,Suburban,4327760.0
1869,5,4,6,Urban,16922610.0
1081,3,3,10,Prime,16371953.0
695,5,4,28,Suburban,9297506.0
2919,1,1,28,Suburban,17432820.0
1149,3,4,29,Urban,12310222.0
1832,1,1,14,Urban,14758772.0
